{"loss_0": 8.81771607398987, "_timestamp": 1711712614.9892473, "ce_0": 4.289431095123291, "SI-SDR_0": -36.32972717285156, "PesQ_0": 1.0803035497665405, "_runtime": 47.06264042854309, "_step": 5, "_wandb": {"runtime": 61}, "loss_5": 9.166689872741701, "ce_5": 4.106083393096924, "SI-SDR_5": -38.031070709228516, "PesQ_5": 1.1694139242172241}