{"loss_0": [9.644807815551758, 10.767423629760742, 10.446817398071289, 9.530434608459473], "_timestamp": 1711737804.126145, "ce_0": 4.696035385131836, "SI-SDR_0": -41.86042404174805, "PesQ_0": 1.134941577911377, "_runtime": 38.49685788154602, "_step": 5, "_wandb": {"runtime": 73}, "loss_5": [8.410325050354004, 11.7686185836792, 11.345768928527832, 13.141824722290039], "ce_5": 4.797999382019043, "SI-SDR_5": -46.40456771850586, "PesQ_5": 1.1363807916641235}