{"loss_0": 11.894061088562013, "_timestamp": 1711711264.1324444, "ce_0": 4.506556510925293, "SI-SDR_0": -55.65665054321289, "PesQ_0": 1.1259621381759644, "_runtime": 41.972169399261475, "_step": 5, "_wandb": {"runtime": 57}, "loss_5": 12.953691720962524, "ce_5": 4.47337532043457, "SI-SDR_5": -60.89685821533203, "PesQ_5": 1.1680209636688232}