{"_wandb": {"runtime": 15}, "loss_0": [9.873607635498047, 10.488677024841309, 11.66659927368164, 10.153472900390625], "_timestamp": 1711737448.312299, "ce_0": 4.485539436340332, "SI-SDR_0": -43.9168586730957, "PesQ_0": 1.1961899995803833, "_runtime": 16.534616947174072, "_step": 0}